year,gramsofsilverperpesofuerte
1815,24.4596068894573
1816,24.4596068894573
1817,24.2410345855023
1818,24.6751406625025
1819,24.5634252548624
1820,25.0164682566812
1821,25.5992759807384
1822,25.35996051729
1823,25.35996051729
1824,25.35996051729
1825,25.1250781043947
1826,25.35996051729
1827,25.2419729138365
1828,25.35996051729
1829,25.35996051729
1830,25.4790563107378
